Title,Date,Score,UpvoteRatio,Comments,Url
This Week At Bungie 5/06/2021,2021-05-06 17:08:16,1762.0,0.96,1970.0,https://www.reddit.com/r/DestinyTheGame/comments/n6hqhc/this_week_at_bungie_5062021/
This Week At Bungie 4/29/2021,2021-04-29 17:11:34,883.0,0.87,1663.0,https://www.reddit.com/r/DestinyTheGame/comments/n1ecrh/this_week_at_bungie_4292021/
This Week At Bungie 4/22/2021,2021-04-22 13:21:38,0.0,0.2,4362.0,https://www.reddit.com/r/DestinyTheGame/comments/mw9tfy/this_week_at_bungie_4222021/
This Week At Bungie 4/15/2021,2021-04-15 18:02:29,716.0,0.96,625.0,https://www.reddit.com/r/DestinyTheGame/comments/mrp8om/this_week_at_bungie_4152021/
This Week At Bungie 4/08/2021,2021-04-08 14:04:19,3382.0,0.91,2527.0,https://www.reddit.com/r/DestinyTheGame/comments/mmxmri/this_week_at_bungie_4082021/
This Week At Bungie 4/1/2021,2021-04-01 17:17:39,2469.0,0.95,842.0,https://www.reddit.com/r/DestinyTheGame/comments/mi5a3q/this_week_at_bungie_412021/
This Week At Bungie 3/11/2021,2021-03-11 18:05:58,1519.0,0.95,2192.0,https://www.reddit.com/r/DestinyTheGame/comments/m33bkj/this_week_at_bungie_3112021/
This Week At Bungie 3/4/2021,2021-03-04 18:00:36,970.0,0.95,1033.0,https://www.reddit.com/r/DestinyTheGame/comments/lxxvas/this_week_at_bungie_342021/
This Week At Bungie 2/25/2021,2021-02-25 17:02:53,981.0,0.96,602.0,https://www.reddit.com/r/DestinyTheGame/comments/lsi5xr/this_week_at_bungie_2252021/
This Week At Bungie 2/18/2021,2021-02-18 17:09:03,0.0,0.48,598.0,https://www.reddit.com/r/DestinyTheGame/comments/lmyqsq/this_week_at_bungie_2182021/
This Week at Bungie - 2/11/2021,2021-02-12 18:56:46,0.0,0.5,1.0,https://www.reddit.com/r/DestinyTheGame/comments/lioaed/this_week_at_bungie_2112021/
This Week At Bungie 2/11/2021,2021-02-11 18:44:43,0.0,0.37,1148.0,https://www.reddit.com/r/DestinyTheGame/comments/lhy9uc/this_week_at_bungie_2112021/
This Week At Bungie 1/28/2021,2021-01-28 17:46:17,279.0,0.63,2536.0,https://www.reddit.com/r/DestinyTheGame/comments/l7bdjt/this_week_at_bungie_1282021/
This Week At Bungie 1/21/2021,2021-01-21 16:04:33,537.0,0.83,1144.0,https://www.reddit.com/r/DestinyTheGame/comments/l27qvd/this_week_at_bungie_1212021/
This Week At Bungie 1/14/2021,2021-01-14 17:14:11,120.0,0.55,2403.0,https://www.reddit.com/r/DestinyTheGame/comments/kxg65y/this_week_at_bungie_1142021/
This Week At Bungie – 1/14/2021,2021-01-14 17:10:00,6.0,0.55,221.0,https://www.reddit.com/r/DestinyTheGame/comments/kxg2ug/this_week_at_bungie_1142021/
This Week At Bungie 12/10/2020,2020-12-10 17:15:01,530.0,0.91,620.0,https://www.reddit.com/r/DestinyTheGame/comments/kap2s8/this_week_at_bungie_12102020/
This Week At Bungie 11/19/2020,2020-11-19 12:08:40,1003.0,0.87,1645.0,https://www.reddit.com/r/DestinyTheGame/comments/jx6ma2/this_week_at_bungie_11192020/
This Week At Bungie 11/12/2020,2020-11-12 16:37:52,0.0,0.4,1125.0,https://www.reddit.com/r/DestinyTheGame/comments/jt3uat/this_week_at_bungie_11122020/
This Week At Bungie 10/29/2020,2020-10-29 16:03:52,434.0,0.77,1713.0,https://www.reddit.com/r/DestinyTheGame/comments/jkhizq/this_week_at_bungie_10292020/
This Week At Bungie 10/22/2020,2020-10-22 17:02:39,411.0,0.7,2498.0,https://www.reddit.com/r/DestinyTheGame/comments/jg8jn2/this_week_at_bungie_10222020/
This Week at Bungie - 10/15/2020,2020-10-15 16:04:28,2941.0,0.97,610.0,https://www.reddit.com/r/DestinyTheGame/comments/jbv5bf/this_week_at_bungie_10152020/
This Week At Bungie 10/8/2020,2020-10-08 17:59:33,873.0,0.89,1424.0,https://www.reddit.com/r/DestinyTheGame/comments/j7mhil/this_week_at_bungie_1082020/
This Week At Bungie 10/01/2020,2020-10-01 16:44:04,194.0,0.81,349.0,https://www.reddit.com/r/DestinyTheGame/comments/j3gwdh/this_week_at_bungie_10012020/
This Week At Bungie 9/24/2020,2020-09-24 18:00:45,1051.0,0.95,772.0,https://www.reddit.com/r/DestinyTheGame/comments/iz6ur0/this_week_at_bungie_9242020/
This Week At Bungie 9/17/2020,2020-09-17 17:11:03,1094.0,0.95,990.0,https://www.reddit.com/r/DestinyTheGame/comments/iusimk/this_week_at_bungie_9172020/
This Week At Bungie 9/10/2020,2020-09-10 18:03:04,627.0,0.88,1521.0,https://www.reddit.com/r/DestinyTheGame/comments/iqdedl/this_week_at_bungie_9102020/
This Week at Bungie - 9/3/20,2020-09-03 16:41:53,446.0,0.88,822.0,https://www.reddit.com/r/DestinyTheGame/comments/im1r7w/this_week_at_bungie_9320/
This Week At Bungie 8/27/2020,2020-08-27 18:00:31,218.0,0.78,606.0,https://www.reddit.com/r/DestinyTheGame/comments/ihukdc/this_week_at_bungie_8272020/
This Week at Bungie - 8/20/20,2020-08-20 18:04:03,446.0,0.75,2298.0,https://www.reddit.com/r/DestinyTheGame/comments/idjyno/this_week_at_bungie_82020/
This Week At Bungie 8/13/2020,2020-08-16 13:38:38,5.0,0.86,11.0,https://www.reddit.com/r/DestinyTheGame/comments/iawmf5/this_week_at_bungie_8132020/
This Week At Bungie – 8/13/2020,2020-08-13 16:43:05,0.0,0.41,585.0,https://www.reddit.com/r/DestinyTheGame/comments/i97vks/this_week_at_bungie_8132020/
This Week at Bungie - 8/06/20,2020-08-06 15:03:56,2.0,0.55,16.0,https://www.reddit.com/r/DestinyTheGame/comments/i4xxe9/this_week_at_bungie_80620/
This Week at Bungie - 8/06/20,2020-08-06 14:36:15,8.0,1.0,5.0,https://www.reddit.com/r/DestinyTheGame/comments/i4xdvc/this_week_at_bungie_80620/
This Week at Bungie - 8/06/20,2020-08-06 14:23:10,0.0,0.42,1681.0,https://www.reddit.com/r/DestinyTheGame/comments/i4x4u1/this_week_at_bungie_80620/
This Week At Bungie 7/30/2020,2020-07-30 16:57:48,0.0,0.46,541.0,https://www.reddit.com/r/DestinyTheGame/comments/i0u20p/this_week_at_bungie_7302020/
This Week at Bungie - 7/23/20,2020-07-23 18:17:35,74.0,0.6,386.0,https://www.reddit.com/r/DestinyTheGame/comments/hwpdxk/this_week_at_bungie_72320/
This Week At Bungie 7/16/2020,2020-07-16 13:58:08,244.0,0.74,677.0,https://www.reddit.com/r/DestinyTheGame/comments/hselvo/this_week_at_bungie_7162020/
This Week At Bungie 7/09/2020,2020-07-09 18:24:48,0.0,0.45,651.0,https://www.reddit.com/r/DestinyTheGame/comments/hocs48/this_week_at_bungie_7092020/
This Week At Bungie 7/2/2020,2020-07-02 16:49:10,145.0,0.66,628.0,https://www.reddit.com/r/DestinyTheGame/comments/hk545m/this_week_at_bungie_722020/
This Week At Bungie 6/25/2020,2020-06-25 17:46:59,0.0,0.4,1246.0,https://www.reddit.com/r/DestinyTheGame/comments/hfuwrl/this_week_at_bungie_6252020/
This Week At Bungie 6/18/2020,2020-06-18 12:14:36,463.0,0.9,518.0,https://www.reddit.com/r/DestinyTheGame/comments/hbho4q/this_week_at_bungie_6182020/
This Week At Bungie 6/11/2020,2020-06-11 17:41:28,390.0,0.83,1249.0,https://www.reddit.com/r/DestinyTheGame/comments/h7775g/this_week_at_bungie_6112020/
This Week At Bungie 6/4/2020,2020-06-04 17:10:04,1246.0,0.85,1956.0,https://www.reddit.com/r/DestinyTheGame/comments/gwqb9v/this_week_at_bungie_642020/
This Week At Bungie 05/28/2020,2020-06-02 16:04:02,7.0,0.73,36.0,https://www.reddit.com/r/DestinyTheGame/comments/gvenal/this_week_at_bungie_05282020/
This Week at Bungie 05/28/2020,2020-05-28 16:57:27,0.0,0.38,838.0,https://www.reddit.com/r/DestinyTheGame/comments/gsenmh/this_week_at_bungie_05282020/
This Week At Bungie 5/21/2020,2020-05-21 17:08:34,0.0,0.36,2879.0,https://www.reddit.com/r/DestinyTheGame/comments/go5chc/this_week_at_bungie_5212020/
This Week At Bungie 5/14/2020,2020-05-14 18:11:26,0.0,0.41,5424.0,https://www.reddit.com/r/DestinyTheGame/comments/gjwb6o/this_week_at_bungie_5142020/
This Week At Bungie 5/7/2020,2020-05-07 17:57:21,4896.0,0.91,2489.0,https://www.reddit.com/r/DestinyTheGame/comments/gfg5yy/this_week_at_bungie_572020/
This Week At Bungie 4/30/2020,2020-04-30 18:22:32,1294.0,0.89,1475.0,https://www.reddit.com/r/DestinyTheGame/comments/gb5ppk/this_week_at_bungie_4302020/
This Week At Bungie 4/23/2020,2020-04-23 17:25:13,1154.0,0.89,1398.0,https://www.reddit.com/r/DestinyTheGame/comments/g6vaix/this_week_at_bungie_4232020/
This Week At Bungie 4/16/2020,2020-04-16 18:18:24,219.0,0.65,929.0,https://www.reddit.com/r/DestinyTheGame/comments/g2p1gk/this_week_at_bungie_4162020/
This Week At Bungie 4/09/2020,2020-04-09 17:23:04,0.0,0.34,1149.0,https://www.reddit.com/r/DestinyTheGame/comments/fy0z6p/this_week_at_bungie_4092020/
This Week At Bungie 4/2/2020,2020-04-02 18:25:08,0.0,0.4,944.0,https://www.reddit.com/r/DestinyTheGame/comments/ftvz1z/this_week_at_bungie_422020/
This Week At Bungie 3/26/2020,2020-03-26 18:01:21,0.0,0.45,630.0,https://www.reddit.com/r/DestinyTheGame/comments/fpknrx/this_week_at_bungie_3262020/
This Week At Bungie 3/19/2020,2020-03-19 18:02:58,0.0,0.45,1109.0,https://www.reddit.com/r/DestinyTheGame/comments/flitev/this_week_at_bungie_3192020/
This Week At Bungie 3/12/2020,2020-03-12 18:31:10,7.0,0.61,29.0,https://www.reddit.com/r/DestinyTheGame/comments/fhp0em/this_week_at_bungie_3122020/
This Week At Bungie 3/12/2020,2020-03-12 18:15:36,0.0,0.48,998.0,https://www.reddit.com/r/DestinyTheGame/comments/fhorca/this_week_at_bungie_3122020/
This Week At Bungie 3/5/2020,2020-03-05 18:03:45,1015.0,0.94,2265.0,https://www.reddit.com/r/DestinyTheGame/comments/fe3vsc/this_week_at_bungie_352020/
This Week At Bungie 2/27/2020,2020-02-27 20:15:43,1091.0,0.92,1620.0,https://www.reddit.com/r/DestinyTheGame/comments/famkx4/this_week_at_bungie_2272020/
This Week At Bungie 2/20/2020,2020-02-20 20:03:49,11.0,0.68,18.0,https://www.reddit.com/r/DestinyTheGame/comments/f73765/this_week_at_bungie_2202020/
This Week At Bungie 2/20/2020,2020-02-20 18:08:16,211.0,0.58,3455.0,https://www.reddit.com/r/DestinyTheGame/comments/f71lvi/this_week_at_bungie_2202020/
This Week At Bungie 2/13/2019,2020-02-13 17:39:35,1172.0,0.93,1286.0,https://www.reddit.com/r/DestinyTheGame/comments/f3iarh/this_week_at_bungie_2132019/
This Week At Bungie 2/6/2020,2020-02-06 17:48:15,660.0,0.91,621.0,https://www.reddit.com/r/DestinyTheGame/comments/f00num/this_week_at_bungie_262020/
This Week At Bungie 1/30/2020,2020-01-30 17:54:55,459.0,0.85,678.0,https://www.reddit.com/r/DestinyTheGame/comments/ewe159/this_week_at_bungie_1302020/
This Week At Bungie 1/23/2020,2020-01-23 18:06:12,0.0,0.49,932.0,https://www.reddit.com/r/DestinyTheGame/comments/et16vp/this_week_at_bungie_1232020/
This Week At Bungie 1/16/2020,2020-01-16 18:08:06,548.0,0.89,631.0,https://www.reddit.com/r/DestinyTheGame/comments/eprd61/this_week_at_bungie_1162020/
This Week At Bungie 1/9/2020,2020-01-09 18:03:44,236.0,0.77,805.0,https://www.reddit.com/r/DestinyTheGame/comments/emho4d/this_week_at_bungie_192020/
This Week At Bungie 12/19/2019,2019-12-19 19:16:00,492.0,0.86,726.0,https://www.reddit.com/r/DestinyTheGame/comments/ed20nj/this_week_at_bungie_12192019/
This Week At Bungie 12/12/2019,2019-12-12 16:46:39,506.0,0.92,477.0,https://www.reddit.com/r/DestinyTheGame/comments/e9u6k8/this_week_at_bungie_12122019/
This Week At Bungie 12/05/2019,2019-12-05 17:20:25,2230.0,0.91,1853.0,https://www.reddit.com/r/DestinyTheGame/comments/e6oqhs/this_week_at_bungie_12052019/
This Week At Bungie 11/26/2019,2019-11-26 13:03:22,691.0,0.93,613.0,https://www.reddit.com/r/DestinyTheGame/comments/e21qrm/this_week_at_bungie_11262019/
This Week At Bungie 11/21/2019,2019-11-21 17:02:59,2704.0,0.91,2468.0,https://www.reddit.com/r/DestinyTheGame/comments/dzqtrz/this_week_at_bungie_11212019/
This Week At Bungie 11/14/2019,2019-11-14 18:05:06,704.0,0.88,2151.0,https://www.reddit.com/r/DestinyTheGame/comments/dwhjnh/this_week_at_bungie_11142019/
This Week at Bungie - 11/07/2019,2019-11-07 17:55:39,387.0,0.87,392.0,https://www.reddit.com/r/DestinyTheGame/comments/dt5x25/this_week_at_bungie_11072019/
This Week At Bungie 10/31/2019,2019-10-31 16:47:39,544.0,0.91,569.0,https://www.reddit.com/r/DestinyTheGame/comments/dptooj/this_week_at_bungie_10312019/
This Week At Bungie 10/24/2019,2019-10-24 18:10:17,681.0,0.94,859.0,https://www.reddit.com/r/DestinyTheGame/comments/dmnqin/this_week_at_bungie_10242019/
This Week At Bungie 10/17/2019,2019-10-17 18:21:35,1137.0,0.92,1757.0,https://www.reddit.com/r/DestinyTheGame/comments/djdrul/this_week_at_bungie_10172019/
This Week At Bungie 10/10/2019,2019-10-10 18:33:29,551.0,0.9,930.0,https://www.reddit.com/r/DestinyTheGame/comments/dg5pwn/this_week_at_bungie_10102019/
This Week At Bungie 10/03/2019,2019-10-03 18:17:02,710.0,0.96,503.0,https://www.reddit.com/r/DestinyTheGame/comments/dcy6rk/this_week_at_bungie_10032019/
This Week At Bungie 9/26/2019,2019-09-26 19:01:53,4138.0,0.91,3416.0,https://www.reddit.com/r/DestinyTheGame/comments/d9rjjg/this_week_at_bungie_9262019/
This Week at Bungie - 9/19/2019,2019-09-19 18:13:43,634.0,0.96,671.0,https://www.reddit.com/r/DestinyTheGame/comments/d6l8js/this_week_at_bungie_9192019/
This Week At Bungie 9/12/2019,2019-09-12 17:23:25,3525.0,0.91,2562.0,https://www.reddit.com/r/DestinyTheGame/comments/d3eovr/this_week_at_bungie_9122019/
This Week At Bungie 9/5/2019,2019-09-05 18:27:19,1733.0,0.95,2995.0,https://www.reddit.com/r/DestinyTheGame/comments/d07vph/this_week_at_bungie_952019/
This Week At Bungie 8/29/2019,2019-08-29 15:46:53,624.0,0.95,587.0,https://www.reddit.com/r/DestinyTheGame/comments/cx5ul9/this_week_at_bungie_8292019/
This Week At Bungie 8/22/2019,2019-08-22 18:05:59,885.0,0.97,762.0,https://www.reddit.com/r/DestinyTheGame/comments/cu4h82/this_week_at_bungie_8222019/
This Week At Bungie 8/15/2019,2019-08-15 18:09:52,562.0,0.96,352.0,https://www.reddit.com/r/DestinyTheGame/comments/cqwvcm/this_week_at_bungie_8152019/
This Week At Bungie 8/8/2019,2019-08-08 16:21:44,2563.0,0.95,1059.0,https://www.reddit.com/r/DestinyTheGame/comments/cnreiv/this_week_at_bungie_882019/
This Week At Bungie 8/1/2019,2019-08-01 17:03:54,1144.0,0.98,958.0,https://www.reddit.com/r/DestinyTheGame/comments/ckuatg/this_week_at_bungie_812019/
This Week At Bungie 7/25/2019,2019-07-25 18:19:27,699.0,0.97,839.0,https://www.reddit.com/r/DestinyTheGame/comments/chufi1/this_week_at_bungie_7252019/
This Week At Bungie 7/18/2019,2019-07-18 18:09:58,640.0,0.95,1030.0,https://www.reddit.com/r/DestinyTheGame/comments/cez1le/this_week_at_bungie_7182019/
This Week At Bungie 7/11/2019,2019-07-11 15:55:57,572.0,0.97,428.0,https://www.reddit.com/r/DestinyTheGame/comments/cc0flf/this_week_at_bungie_7112019/
This Week At Bungie 6/27/2019,2019-06-27 18:13:48,540.0,0.92,889.0,https://www.reddit.com/r/DestinyTheGame/comments/c6bun6/this_week_at_bungie_6272019/
This Week At Bungie 6/20/2019,2019-06-20 16:21:45,536.0,0.94,829.0,https://www.reddit.com/r/DestinyTheGame/comments/c311of/this_week_at_bungie_6202019/
This Week At Bungie 6/13/2019,2019-06-13 18:19:56,583.0,0.98,707.0,https://www.reddit.com/r/DestinyTheGame/comments/c0c9sb/this_week_at_bungie_6132019/
This Week At Bungie 06/06/2019,2019-06-06 18:02:50,961.0,0.98,376.0,https://www.reddit.com/r/DestinyTheGame/comments/bxmngp/this_week_at_bungie_06062019/
This Week At Bungie 05/30/2019,2019-05-30 18:16:40,2526.0,0.93,1615.0,https://www.reddit.com/r/DestinyTheGame/comments/buzcp4/this_week_at_bungie_05302019/
This Week At Bungie 05/23/2019,2019-05-23 19:25:22,618.0,0.79,1760.0,https://www.reddit.com/r/DestinyTheGame/comments/bs9s8g/this_week_at_bungie_05232019/
This Week At Bungie 5/16/2019,2019-05-16 18:34:11,0.0,0.26,4752.0,https://www.reddit.com/r/DestinyTheGame/comments/bpj5x6/this_week_at_bungie_5162019/
This Week At Bungie 5/9/2019,2019-05-09 18:02:10,1660.0,0.94,1017.0,https://www.reddit.com/r/DestinyTheGame/comments/bmpymm/this_week_at_bungie_592019/
This Week At Bungie 5/2/2019,2019-05-02 18:57:26,115.0,0.68,572.0,https://www.reddit.com/r/DestinyTheGame/comments/bk1cnt/this_week_at_bungie_522019/
This Week At Bungie 4/25/2019,2019-04-25 17:37:34,0.0,0.45,2403.0,https://www.reddit.com/r/DestinyTheGame/comments/bhe8w9/this_week_at_bungie_4252019/
This Week At Bungie 09/07/2017,2017-09-07 19:30:36,599.0,0.95,569.0,https://www.reddit.com/r/DestinyTheGame/comments/6yr05m/this_week_at_bungie_09072017/
This Week At Bungie 09/14/2017,2017-09-14 19:34:40,420.0,0.95,555.0,https://www.reddit.com/r/DestinyTheGame/comments/7062np/this_week_at_bungie_09142017/
This Week At Bungie 09/21/2017,2017-09-21 19:03:36,642.0,0.92,1234.0,https://www.reddit.com/r/DestinyTheGame/comments/71mz1p/this_week_at_bungie_09212017/
This Week At Bungie 09/28/2017,2017-09-28 18:15:57,489.0,0.95,1008.0,https://www.reddit.com/r/DestinyTheGame/comments/733jli/this_week_at_bungie_09282017/
This Week At Bungie 10/05/2017,2017-10-05 18:46:33,492.0,0.77,1865.0,https://www.reddit.com/r/DestinyTheGame/comments/74jlc4/this_week_at_bungie_10052017/
This Week At Bungie 10/12/2017,2017-10-12 18:10:47,783.0,0.89,1057.0,https://www.reddit.com/r/DestinyTheGame/comments/760fvm/this_week_at_bungie_10122017/
This Week At Bungie 10/19/2017,2017-10-19 19:54:18,0.0,0.33,1265.0,https://www.reddit.com/r/DestinyTheGame/comments/77ieoi/this_week_at_bungie_10192017/
This Week At Bungie 10/26/2017,2017-10-26 19:03:14,2066.0,0.95,1396.0,https://www.reddit.com/r/DestinyTheGame/comments/78zbvs/this_week_at_bungie_10262017/
This Week At Bungie 11/02/2017,2017-11-02 18:13:00,456.0,0.88,796.0,https://www.reddit.com/r/DestinyTheGame/comments/7af19c/this_week_at_bungie_11022017/
This Week At Bungie 11/09/2017,2017-11-09 20:34:02,381.0,0.82,1218.0,https://www.reddit.com/r/DestinyTheGame/comments/7bxyw3/this_week_at_bungie_11092017/
This Week at Bungie - 11/16/2017,2017-11-16 17:51:27,254.0,0.86,292.0,https://www.reddit.com/r/DestinyTheGame/comments/7dg6z2/this_week_at_bungie_11162017/
This Week at Bungie - 11/22/2017,2017-11-22 16:44:01,0.0,0.34,442.0,https://www.reddit.com/r/DestinyTheGame/comments/7eujve/this_week_at_bungie_11222017/
This Week at Bungie - 11/30/2017,2017-11-30 17:59:28,363.0,0.88,692.0,https://www.reddit.com/r/DestinyTheGame/comments/7gqg60/this_week_at_bungie_11302017/
This Week At Bungie 12/07/2017,2017-12-07 19:05:13,0.0,0.33,1442.0,https://www.reddit.com/r/DestinyTheGame/comments/7ias6z/this_week_at_bungie_12072017/
This Week at Bungie 12/14/2017,2017-12-14 12:03:02,495.0,0.84,703.0,https://www.reddit.com/r/DestinyTheGame/comments/7jswt3/this_week_at_bungie_12142017/
This Week At Bungie 1/11/2018,2018-01-11 19:41:53,516.0,0.7,1018.0,https://www.reddit.com/r/DestinyTheGame/comments/7psscx/this_week_at_bungie_1112018/
This Week At Bungie 01/18/2018,2018-01-18 19:24:45,0.0,0.31,1150.0,https://www.reddit.com/r/DestinyTheGame/comments/7red5r/this_week_at_bungie_01182018/
This Week At Bungie 1/25/2018,2018-01-25 17:36:42,2466.0,0.87,1822.0,https://www.reddit.com/r/DestinyTheGame/comments/7t00ps/this_week_at_bungie_1252018/
This Week at Bungie - 2/01/2018,2018-02-01 17:39:20,1242.0,0.89,1852.0,https://www.reddit.com/r/DestinyTheGame/comments/7umpcm/this_week_at_bungie_2012018/
This Week At Bungie 2/08/2018,2018-02-08 18:26:55,757.0,0.87,1040.0,https://www.reddit.com/r/DestinyTheGame/comments/7w95ew/this_week_at_bungie_2082018/
This Week At Bungie 2/15/2018,2018-02-15 17:21:04,369.0,0.79,741.0,https://www.reddit.com/r/DestinyTheGame/comments/7xu3ah/this_week_at_bungie_2152018/
This Week at Bungie - 2/22/2018,2018-02-22 16:27:09,189.0,0.67,748.0,https://www.reddit.com/r/DestinyTheGame/comments/7ziiai/this_week_at_bungie_2222018/
This Week At Bungie 3/01/2018,2018-03-01 18:05:45,179.0,0.66,761.0,https://www.reddit.com/r/DestinyTheGame/comments/819oh8/this_week_at_bungie_3012018/
This Week at Bungie - 3/08/2018,2018-03-08 18:04:09,691.0,0.79,2274.0,https://www.reddit.com/r/DestinyTheGame/comments/831x0a/this_week_at_bungie_3082018/
This Week At Bungie 3/15/2018,2018-03-15 18:07:03,0.0,0.42,573.0,https://www.reddit.com/r/DestinyTheGame/comments/84qfzv/this_week_at_bungie_3152018/
This Week at Bungie - 3/22/2018,2018-03-22 18:16:16,0.0,0.43,735.0,https://www.reddit.com/r/DestinyTheGame/comments/86flwk/this_week_at_bungie_3222018/
This Week At Bungie 3/29/2018,2018-03-29 18:50:41,6.0,0.5,573.0,https://www.reddit.com/r/DestinyTheGame/comments/885own/this_week_at_bungie_3292018/
This Week at Bungie 4/12/2018,2018-04-12 18:09:57,237.0,0.75,649.0,https://www.reddit.com/r/DestinyTheGame/comments/8bu5km/this_week_at_bungie_4122018/
This Week At Bungie 4/18/2018,2018-04-18 18:27:24,658.0,0.89,1030.0,https://www.reddit.com/r/DestinyTheGame/comments/8d9ry0/this_week_at_bungie_4182018/
This Week At Bungie 4/26/2018,2018-04-26 19:05:22,562.0,0.92,937.0,https://www.reddit.com/r/DestinyTheGame/comments/8f70ij/this_week_at_bungie_4262018/
This Week at Bungie - 4/26/2018,2018-04-26 19:27:00,4.0,0.84,2.0,https://www.reddit.com/r/DestinyTheGame/comments/8f75oo/this_week_at_bungie_4262018/
This Week at Bungie - 5/03/2018,2018-05-03 19:35:48,590.0,0.91,1238.0,https://www.reddit.com/r/DestinyTheGame/comments/8guufe/this_week_at_bungie_5032018/
This Week at Bungie 5/10/2018,2018-05-10 18:39:06,241.0,0.79,480.0,https://www.reddit.com/r/DestinyTheGame/comments/8iixtm/this_week_at_bungie_5102018/
This Week at Bungie - 5/17/2018,2018-05-17 17:47:24,520.0,0.91,825.0,https://www.reddit.com/r/DestinyTheGame/comments/8k825f/this_week_at_bungie_5172018/
This Week At Bungie 5/24/2018,2018-05-24 19:08:31,238.0,0.7,1607.0,https://www.reddit.com/r/DestinyTheGame/comments/8lx28j/this_week_at_bungie_5242018/
This Week at Bungie - 5/31/2018,2018-05-31 17:56:49,669.0,0.89,1338.0,https://www.reddit.com/r/DestinyTheGame/comments/8nmh18/this_week_at_bungie_5312018/
This Week At Bungie 6/07/2018,2018-06-07 19:36:35,375.0,0.89,631.0,https://www.reddit.com/r/DestinyTheGame/comments/8pf43i/this_week_at_bungie_6072018/
This Week At Bungie 6/14/2018,2018-06-14 19:31:36,306.0,0.86,689.0,https://www.reddit.com/r/DestinyTheGame/comments/8r6g17/this_week_at_bungie_6142018/
This Week At Bungie 6/14/2018,2018-06-14 19:45:06,1.0,1.0,2.0,https://www.reddit.com/r/DestinyTheGame/comments/8r6j89/this_week_at_bungie_6142018/
THIS WEEK AT BUNGIE – 6/21/2018,2018-06-21 18:48:12,326.0,0.85,812.0,https://www.reddit.com/r/DestinyTheGame/comments/8swbio/this_week_at_bungie_6212018/
This Week at Bungie 6/21/2018,2018-06-21 19:15:14,0.0,0.33,14.0,https://www.reddit.com/r/DestinyTheGame/comments/8swiol/this_week_at_bungie_6212018/
This Week At Bungie 6/28/2018,2018-06-28 16:58:04,569.0,0.91,1725.0,https://www.reddit.com/r/DestinyTheGame/comments/8unc5n/this_week_at_bungie_6282018/
This Week At Bungie 7/05/2018,2018-07-05 17:57:43,231.0,0.87,349.0,https://www.reddit.com/r/DestinyTheGame/comments/8wej8f/this_week_at_bungie_7052018/
This Week At Bungie 7/5/2018,2018-07-05 18:07:20,1.0,1.0,4.0,https://www.reddit.com/r/DestinyTheGame/comments/8wem1f/this_week_at_bungie_752018/
This Week At Bungie - 07/12/2018,2018-07-12 18:35:21,238.0,0.81,740.0,https://www.reddit.com/r/DestinyTheGame/comments/8yefxv/this_week_at_bungie_07122018/
This Week At Bungie 7/19/2018,2018-07-19 18:49:47,98.0,0.67,230.0,https://www.reddit.com/r/DestinyTheGame/comments/90aknj/this_week_at_bungie_7192018/
This Week At Bungie 7/26/2018,2018-07-26 18:05:52,559.0,0.96,529.0,https://www.reddit.com/r/DestinyTheGame/comments/926p6o/this_week_at_bungie_7262018/
This Week At Bungie 08/02/18,2018-08-02 17:47:18,413.0,0.95,640.0,https://www.reddit.com/r/DestinyTheGame/comments/943ldy/this_week_at_bungie_080218/
This Week At Bungie 8/9/2018,2018-08-09 18:13:35,839.0,0.96,1765.0,https://www.reddit.com/r/DestinyTheGame/comments/9611m3/this_week_at_bungie_892018/
This Week at Bungie - 8/16/18,2018-08-16 17:55:50,699.0,0.95,1210.0,https://www.reddit.com/r/DestinyTheGame/comments/97wkn8/this_week_at_bungie_81618/
This Week At Bungie 8/23/2018,2018-08-23 18:03:43,736.0,0.97,1471.0,https://www.reddit.com/r/DestinyTheGame/comments/99rp83/this_week_at_bungie_8232018/
This Week At Bungie 8/30/2018,2018-08-30 17:49:53,565.0,0.96,723.0,https://www.reddit.com/r/DestinyTheGame/comments/9bntrj/this_week_at_bungie_8302018/
This Week at Bungie - 9/06/2018,2018-09-06 18:26:02,404.0,0.94,451.0,https://www.reddit.com/r/DestinyTheGame/comments/9dnui3/this_week_at_bungie_9062018/
This Week At Bungie 9/13/2018,2018-09-13 18:13:06,484.0,0.96,772.0,https://www.reddit.com/r/DestinyTheGame/comments/9fmekh/this_week_at_bungie_9132018/
This Week At Bungie 9/20/2018,2018-09-20 18:38:45,489.0,0.93,676.0,https://www.reddit.com/r/DestinyTheGame/comments/9hjqd0/this_week_at_bungie_9202018/
This Week At Bungie 9/27/2018,2018-09-27 18:44:00,607.0,0.94,1335.0,https://www.reddit.com/r/DestinyTheGame/comments/9jhibr/this_week_at_bungie_9272018/
This Week At Bungie 10/04/2018,2018-10-04 17:56:15,887.0,0.95,1728.0,https://www.reddit.com/r/DestinyTheGame/comments/9lgc85/this_week_at_bungie_10042018/
This Week At Bungie 10/11/2018,2018-10-11 19:18:36,703.0,0.96,959.0,https://www.reddit.com/r/DestinyTheGame/comments/9nf0hj/this_week_at_bungie_10112018/
This Week At Bungie 10/18/2018,2018-10-18 17:27:49,436.0,0.93,422.0,https://www.reddit.com/r/DestinyTheGame/comments/9pdgek/this_week_at_bungie_10182018/
This Week At Bungie 10/25/2018,2018-10-25 17:34:49,569.0,0.96,912.0,https://www.reddit.com/r/DestinyTheGame/comments/9reki9/this_week_at_bungie_10252018/
This Week At Bungie 11/01/2018,2018-11-01 18:03:24,307.0,0.9,522.0,https://www.reddit.com/r/DestinyTheGame/comments/9te0bq/this_week_at_bungie_11012018/
This Week At Bungie 11/08/2018,2018-11-08 17:15:38,395.0,0.92,825.0,https://www.reddit.com/r/DestinyTheGame/comments/9vek2z/this_week_at_bungie_11082018/
This Week At Bungie 11/15/2018,2018-11-15 18:11:36,501.0,0.93,801.0,https://www.reddit.com/r/DestinyTheGame/comments/9xgdy8/this_week_at_bungie_11152018/
This Week At Bungie 11/21/2018,2018-11-21 17:17:09,801.0,0.95,1232.0,https://www.reddit.com/r/DestinyTheGame/comments/9z7z9c/this_week_at_bungie_11212018/
This Week At Bungie 11/29/2018,2018-11-29 17:04:00,412.0,0.94,694.0,https://www.reddit.com/r/DestinyTheGame/comments/a1lykm/this_week_at_bungie_11292018/
This Week At Bungie 12/06/2018,2018-12-06 18:29:42,451.0,0.87,1069.0,https://www.reddit.com/r/DestinyTheGame/comments/a3tr8r/this_week_at_bungie_12062018/
This Week At Bungie 12/13/2018,2018-12-13 17:27:15,341.0,0.91,662.0,https://www.reddit.com/r/DestinyTheGame/comments/a5ygkq/this_week_at_bungie_12132018/
This Week At Bungie 12/20/2018,2018-12-20 18:10:33,326.0,0.92,588.0,https://www.reddit.com/r/DestinyTheGame/comments/a83r1c/this_week_at_bungie_12202018/
This Week At Bungie 1/11/2019,2019-01-11 19:47:41,1659.0,0.97,1537.0,https://www.reddit.com/r/DestinyTheGame/comments/af25cd/this_week_at_bungie_1112019/
This Week At Bungie 1/17/2019,2019-01-17 18:49:15,1149.0,0.98,1162.0,https://www.reddit.com/r/DestinyTheGame/comments/ah481q/this_week_at_bungie_1172019/
This Week At Bungie 1/25/2019,2019-01-25 14:07:03,476.0,0.83,1297.0,https://www.reddit.com/r/DestinyTheGame/comments/ajsedl/this_week_at_bungie_1252019/
This Week At Bungie 1/31/2019,2019-01-31 18:00:38,456.0,0.94,546.0,https://www.reddit.com/r/DestinyTheGame/comments/alvfka/this_week_at_bungie_1312019/
This Week At Bungie 2/7/2019,2019-02-07 18:08:03,321.0,0.93,628.0,https://www.reddit.com/r/DestinyTheGame/comments/ao9wte/this_week_at_bungie_272019/
This Week At Bungie 2/14/2019,2019-02-14 18:08:34,0.0,0.36,1376.0,https://www.reddit.com/r/DestinyTheGame/comments/aqpxzn/this_week_at_bungie_2142019/
This Week At Bungie 2/21/2019,2019-02-21 18:07:51,1188.0,0.95,1752.0,https://www.reddit.com/r/DestinyTheGame/comments/at9ul5/this_week_at_bungie_2212019/
This Week At Bungie 2/28/2019,2019-02-28 17:53:25,499.0,0.83,1548.0,https://www.reddit.com/r/DestinyTheGame/comments/avx91v/this_week_at_bungie_2282019/
This Week At Bungie 3/7/2019,2019-03-07 20:04:27,317.0,0.92,632.0,https://www.reddit.com/r/DestinyTheGame/comments/ayk8tz/this_week_at_bungie_372019/
This Week At Bungie 3/14/2019,2019-03-14 16:38:36,429.0,0.95,606.0,https://www.reddit.com/r/DestinyTheGame/comments/b15gjp/this_week_at_bungie_3142019/
This Week At Bungie 3/21/2019,2019-03-21 18:27:31,0.0,0.42,1646.0,https://www.reddit.com/r/DestinyTheGame/comments/b3wyr2/this_week_at_bungie_3212019/
This Week At Bungie 3/28/2019,2019-03-28 17:05:41,680.0,0.96,853.0,https://www.reddit.com/r/DestinyTheGame/comments/b6obl3/this_week_at_bungie_3282019/
This Week At Bungie 4/4/2019,2019-04-04 19:48:13,2204.0,0.93,1495.0,https://www.reddit.com/r/DestinyTheGame/comments/b9k4wk/this_week_at_bungie_442019/
This Week At Bungie 4/11/2019,2019-04-11 17:38:51,198.0,0.84,385.0,https://www.reddit.com/r/DestinyTheGame/comments/bc5jkp/this_week_at_bungie_4112019/
This Week At Bungie 4/18/2019,2019-04-18 20:03:52,224.0,0.8,616.0,https://www.reddit.com/r/DestinyTheGame/comments/besokf/this_week_at_bungie_4182019/
